"0007560410,0",6
"0007560410,1",
"0007560410,2",
"0007560410,3",
"0007560410,4",
"0007560410,5",
"0007560410,6",
"0007560410,7",
"0007560410,8",
"0007560410,9",
"0007560410,10",
"0007560410,11",
"0007560410,12",
"0007560410,13",
"0007560410,14",
"0007560410,15",
"0007560410,16",
"0007560410,17",
"0007560410,18",
"0007560410,19",
"0007560410,20",
"0007560410,21",
"0007560410,22",
"0007560410,23",
"0007560410,24",
"0007560410,25",
"0007560410,26",
"0007560410,27",
"0007560410,28",
"0007560410,29",
"0007560410,30",
"0007560410,31",
"0007560410,32",
"0007560410,33",
"0007560410,34",
"0007560410,35",
"0007560410,36",
"0007560410,37",
"0007560410,38",
"0007560410,39",
"0007560410,40",
"0007560410,41",
"0007560410,42",
"0007560410,43",
"0007560410,44",
"0007560410,45",
"0007560410,46",
"0007560410,47",
"0007560410,48",
"0007560410,49",
"0007560410,50",
"0007560410,51",
"0007560410,52",
"0007560410,53",
"0007560410,54",
"0007560410,55",
"0007560410,56",
"0007560410,57",
"0007560410,58",
"0007560410,59",
"0007560410,60",
"0007560410,61",
"0007560410,62",
"0007560410,63",
"0007560410,64",
"0007560410,65",
"0007560410,66",
"0007560410,67",
"0007560410,68",
"0007560410,69",
"0007560410,70",
"0007560410,71",
"0007560410,72",
"0007560410,73",
"0007560410,74",
"0007560410,75",
"0007560410,76",
"0007560410,77",
"0007560410,78",
"0007560410,79",
"0007560410,80",
"0007560410,81",
"0007560410,82",
"0007560410,83",
"0007560410,84",
"0007560410,85",
"0007560410,86",
"0007560410,87",
"0007560410,88",
"0007560410,89",
"0007560410,90",
"0007560410,91",
"0007560410,92",
"0007560410,93",
"0007560410,94",
"0007560410,95",
"0007560410,96",
"0007560410,97",
"0007560410,98",
"0007560410,99",